City_ID,City,Lat,Lng,Max Temp,Humidity,Cloudiness,Wind Speed,Country,Current Description
0,Pisco,-13.7,-76.2167,67.01,88,0,16.11,PE,clear sky
1,Almaznyy,48.0448,40.045,39.18,84,14,8.19,RU,few clouds
2,Mataura,-46.1927,168.8643,56.25,44,40,5.5,NZ,scattered clouds
3,Hithadhoo,-0.6,73.0833,82.22,66,0,1.39,MV,clear sky
4,Ushuaia,-54.8,-68.3,38.86,70,40,14.97,AR,scattered clouds
5,Nortelandia,-14.4547,-56.8028,76.42,78,42,0.85,BR,scattered clouds
6,Saint George,37.1041,-113.5841,64.99,10,0,21.85,US,clear sky
7,Aklavik,68.2191,-135.0107,27.14,93,73,8.46,CA,broken clouds
8,Kodiak,57.79,-152.4072,36.91,87,75,4.61,US,broken clouds
9,Busselton,-33.65,115.3333,75.04,43,58,10.33,AU,broken clouds
10,Qujing,25.4833,103.7833,57.94,41,70,4.0,CN,broken clouds
11,Cape Town,-33.9258,18.4232,55.11,83,40,2.3,ZA,scattered clouds
12,Sao Filipe,14.8961,-24.4956,70.75,77,5,10.09,CV,clear sky
13,Vaini,-21.2,-175.2,82.56,83,75,8.05,TO,broken clouds
14,Rikitea,-23.1203,-134.9692,78.58,66,1,11.74,PF,clear sky
15,Vao,-22.6667,167.4833,78.57,88,100,30.22,NC,light rain
16,Yellowknife,62.456,-114.3525,32.52,64,20,5.75,CA,few clouds
17,Longyearbyen,78.2186,15.6401,12.04,62,0,10.36,SJ,clear sky
18,Kalmunai,7.4167,81.8167,82.13,73,75,6.51,LK,broken clouds
19,Khatanga,71.9667,102.5,16.97,81,100,17.52,RU,overcast clouds
20,Yumen,40.2833,97.2,67.82,7,0,10.18,CN,clear sky
21,Harper,4.375,-7.7169,79.05,86,77,3.78,LR,light rain
22,Barstow,34.8986,-117.0228,79.79,8,0,9.33,US,clear sky
23,Mar Del Plata,-38.0023,-57.5575,69.1,80,0,4.61,AR,clear sky
24,Barrow,71.2906,-156.7887,-5.78,77,0,11.5,US,clear sky
25,Bredasdorp,-34.5322,20.0403,57.09,67,93,5.91,ZA,overcast clouds
26,Boundiali,9.5217,-6.4869,74.79,73,100,6.89,CI,light rain
27,Meulaboh,4.1363,96.1285,83.59,69,63,0.81,ID,broken clouds
28,Thompson,55.7435,-97.8558,32.16,93,100,8.05,CA,overcast clouds
29,Salalah,17.0151,54.0924,77.09,78,40,3.44,OM,scattered clouds
30,Verkh-Usugli,52.7,115.1667,34.38,55,100,4.29,RU,overcast clouds
31,Sahuaripa,29.05,-109.2333,77.59,19,0,3.09,MX,clear sky
32,Kaitangata,-46.2817,169.8464,56.05,45,65,5.03,NZ,broken clouds
33,San Patricio,28.017,-97.5169,77.09,37,0,19.8,US,clear sky
34,Avarua,-21.2078,-159.775,84.25,74,40,16.11,CK,scattered clouds
35,Komsomolskiy,40.4272,71.7189,61.52,48,81,6.91,UZ,broken clouds
36,Saskylakh,71.9167,114.0833,-2.96,92,28,6.15,RU,scattered clouds
37,Vila Velha,-20.3297,-40.2925,78.75,83,75,6.91,BR,broken clouds
38,Cervo,43.6702,-7.4101,54.23,75,74,19.46,ES,broken clouds
39,Butaritari,3.0707,172.7902,81.68,77,74,17.78,KI,broken clouds
40,Olafsvik,64.8945,-23.7142,26.46,61,13,12.15,IS,few clouds
41,Bluff,-46.6,168.3333,53.82,59,74,13.85,NZ,broken clouds
42,Kuytun,54.3419,101.5036,40.82,95,100,13.51,RU,light rain
43,Punta Arenas,-53.15,-70.9167,37.51,70,0,6.91,CL,clear sky
44,Grindavik,63.8424,-22.4338,27.07,68,75,14.97,IS,broken clouds
45,Kenai,60.5544,-151.2583,44.02,58,0,11.5,US,clear sky
46,Roma,43.2128,-75.4557,53.74,70,100,14.97,US,overcast clouds
47,Atuona,-9.8,-139.0333,79.3,74,13,16.75,PF,few clouds
48,Isangel,-19.55,169.2667,80.37,78,100,17.16,VU,light rain
49,Bethel,41.3712,-73.414,48.36,91,100,6.91,US,mist
50,Milyutinskaya,48.6279,41.6679,37.56,84,18,7.58,RU,few clouds
51,Castro,-24.7911,-50.0119,62.19,98,70,3.87,BR,broken clouds
52,Diamantino,-14.4086,-56.4461,75.96,75,44,1.36,BR,scattered clouds
53,Hermanus,-34.4187,19.2345,52.81,67,94,8.72,ZA,light rain
54,Evensk,61.95,159.2333,21.79,67,27,5.06,RU,scattered clouds
55,Port Elizabeth,-33.918,25.5701,56.1,78,0,10.36,ZA,clear sky
56,Fortuna,40.5982,-124.1573,55.85,75,0,8.05,US,clear sky
57,Morros,-9.4467,-46.3003,75.61,75,60,3.65,BR,broken clouds
58,Cobourg,50.2667,10.9667,48.79,75,100,8.01,DE,overcast clouds
59,Tuatapere,-46.1333,167.6833,54.81,55,38,7.58,NZ,scattered clouds
60,Sovetskiy,61.3614,63.5842,25.27,92,68,4.97,RU,broken clouds
61,Colborne,44.0001,-77.8828,55.11,89,95,20.4,CA,light rain
62,Bengkulu,-3.8004,102.2655,76.17,88,100,9.89,ID,overcast clouds
63,Santa Cruz De Tenerife,28.4682,-16.2546,59.79,71,75,12.66,ES,broken clouds
64,Hobart,-42.8794,147.3294,68.02,50,40,8.05,AU,scattered clouds
65,Chota,-6.55,-78.65,55.56,96,82,3.65,PE,broken clouds
66,Christchurch,-43.5333,172.6333,60.42,58,75,9.22,NZ,broken clouds
67,Albany,42.6001,-73.9662,50.65,72,100,3.0,US,overcast clouds
68,Phan Thiet,10.9333,108.1,86.79,57,95,2.55,VN,overcast clouds
69,Blairmore,49.6,-114.4353,40.59,33,17,4.61,CA,few clouds
70,Talnakh,69.4865,88.3972,22.21,94,100,0.4,RU,overcast clouds
71,Faanui,-16.4833,-151.75,82.78,74,46,22.32,PF,light rain
72,Lebu,-37.6167,-73.65,55.56,92,100,3.65,CL,overcast clouds
73,Vostok,46.4856,135.8833,29.35,60,85,12.84,RU,light snow
74,College,64.8569,-147.8028,44.55,38,75,6.91,US,broken clouds
75,New Norfolk,-42.7826,147.0587,67.66,41,0,1.99,AU,clear sky
76,Oriximina,-1.7656,-55.8661,75.18,93,100,2.26,BR,overcast clouds
77,Mehamn,71.0357,27.8492,31.64,86,100,22.24,NO,overcast clouds
78,Caravelas,-17.7125,-39.2481,76.05,84,4,2.75,BR,clear sky
79,Waipawa,-41.4122,175.5153,52.56,63,91,13.4,NZ,overcast clouds
80,Sao Joao Da Barra,-21.6403,-41.0511,75.18,85,100,6.15,BR,overcast clouds
81,Iqaluit,63.7506,-68.5145,1.13,70,20,19.57,CA,few clouds
82,Ranong,9.9658,98.6348,84.13,61,72,2.26,TH,broken clouds
83,Taoudenni,22.6783,-3.9836,78.15,15,0,11.63,ML,clear sky
84,Chesma,53.8111,60.6533,37.53,92,100,18.59,RU,overcast clouds
85,Grenville,12.1167,-61.6167,78.82,80,42,17.94,GD,scattered clouds
86,Garmsar,35.2182,52.3409,67.53,20,98,1.03,IR,overcast clouds
87,Dalby,-27.1833,151.2667,74.75,54,82,13.47,AU,broken clouds
88,Aykhal,66.0,111.5,16.95,93,100,24.58,RU,light snow
89,Iskateley,67.6803,53.1512,5.41,94,62,8.61,RU,broken clouds
90,Havre-Saint-Pierre,50.2334,-63.5986,37.76,75,100,5.75,CA,overcast clouds
91,Tilichiki,60.4667,166.1,15.98,64,0,5.44,RU,clear sky
92,Carnarvon,-24.8667,113.6333,86.07,62,14,10.36,AU,few clouds
93,Narsaq,60.9167,-46.05,32.22,91,100,1.45,GL,overcast clouds
94,Wanning,18.8003,110.3967,77.94,54,65,10.31,CN,broken clouds
95,Palana,59.1167,159.9667,27.48,85,100,6.44,RU,overcast clouds
96,Grand Gaube,-20.0064,57.6608,75.6,83,82,3.0,MU,broken clouds
97,San Andres,12.5847,-81.7006,82.42,78,75,11.5,CO,broken clouds
98,Jamestown,42.097,-79.2353,54.99,76,100,9.22,US,moderate rain
99,Sakakah,29.9697,40.2064,67.57,26,25,16.4,SA,scattered clouds
100,Georgetown,5.4112,100.3354,84.13,87,20,5.99,MY,few clouds
101,Tabou,4.423,-7.3528,79.11,86,66,3.98,CI,light rain
102,Dingle,10.9995,122.6711,80.58,81,100,11.59,PH,overcast clouds
103,Pitimbu,-7.4706,-34.8086,75.79,82,90,6.4,BR,overcast clouds
104,Aksarka,66.5606,67.7975,15.8,84,100,3.8,RU,overcast clouds
105,Nome,64.5011,-165.4064,5.07,72,100,4.61,US,overcast clouds
106,Port Alfred,-33.5906,26.891,57.18,72,53,8.01,ZA,broken clouds
107,Puerto Madryn,-42.7692,-65.0385,56.68,81,90,17.54,AR,overcast clouds
108,San Ignacio,17.1561,-89.0714,86.14,70,0,4.61,BZ,clear sky
109,Mpulungu,-8.7623,31.1141,70.68,77,97,4.0,ZM,overcast clouds
110,Hilo,19.7297,-155.09,71.33,90,100,6.91,US,moderate rain
111,Goure,13.9835,10.2704,80.49,7,36,8.46,NE,scattered clouds
112,Mopti,14.6667,-4.0,87.84,11,51,4.12,ML,broken clouds
113,Touros,-5.1989,-35.4608,78.73,80,72,9.08,BR,broken clouds
114,Arraial Do Cabo,-22.9661,-42.0278,75.06,84,16,8.32,BR,few clouds
115,Misratah,32.3754,15.0925,61.25,90,3,24.43,LY,clear sky
116,Dikson,73.5069,80.5464,-0.17,99,100,14.29,RU,overcast clouds
117,Hudiksvall,61.729,17.1036,27.73,77,48,3.36,SE,scattered clouds
118,Carleton Place,45.1334,-76.1494,47.98,59,100,8.01,CA,overcast clouds
119,Lindi,-10.0,39.7167,77.16,91,94,0.54,TZ,overcast clouds
120,Cabedelo,-6.9811,-34.8339,75.87,82,46,7.45,BR,scattered clouds
121,Mangrol,21.1167,70.1167,83.32,54,44,10.78,IN,scattered clouds
122,Borjomi,41.8527,43.4128,40.84,92,60,4.65,GE,broken clouds
123,Saint-Joseph,-21.3667,55.6167,75.58,77,37,12.5,RE,scattered clouds
124,Zhangye,38.9342,100.4517,66.16,13,0,4.45,CN,clear sky
125,Kutum,14.2,24.6667,74.07,14,5,11.01,SD,clear sky
126,Najran,17.4924,44.1277,57.85,13,0,3.06,SA,clear sky
127,Jalu,29.0331,21.5482,85.86,8,5,12.77,LY,clear sky
128,Lexington,37.9887,-84.4777,51.8,88,100,5.75,US,overcast clouds
129,Cidreira,-30.1811,-50.2056,68.63,80,13,14.03,BR,few clouds
130,Lorengau,-2.0226,147.2712,81.03,84,100,9.22,PG,overcast clouds
131,Port Lincoln,-34.7333,135.8667,64.54,61,6,13.58,AU,clear sky
132,Tawang,27.5833,91.8667,52.79,76,92,3.6,IN,overcast clouds
133,Carauari,-4.8828,-66.8958,72.16,97,37,0.63,BR,scattered clouds
134,Mahebourg,-20.4081,57.7,75.49,78,40,3.44,MU,scattered clouds
135,Karagay,58.2667,54.9368,32.13,88,100,13.94,RU,light snow
136,Port Blair,11.6667,92.75,78.84,89,100,3.44,IN,thunderstorm
137,Fenyi,27.8112,114.6681,77.07,46,0,2.64,CN,clear sky
138,Merritt Island,28.5392,-80.672,80.04,77,0,9.22,US,clear sky
139,Qaanaaq,77.484,-69.3632,-0.35,93,95,6.87,GL,overcast clouds
140,Svetlogorsk,52.6333,29.7333,43.72,93,100,10.49,BY,overcast clouds
141,Garowe,8.4054,48.4845,66.67,94,1,6.17,SO,clear sky
142,Samarkand,39.6542,66.9597,62.02,67,20,2.3,UZ,few clouds
143,Itupiranga,-5.1347,-49.3267,73.38,98,100,2.08,BR,overcast clouds
144,Klaksvik,62.2266,-6.589,34.72,75,100,43.22,FO,overcast clouds
145,Krasnyy Chikoy,50.3643,108.7512,50.58,58,48,4.5,RU,scattered clouds
146,Syracuse,37.0881,15.2792,56.79,77,5,19.64,IT,clear sky
147,Pangnirtung,66.1451,-65.7125,0.14,82,9,5.44,CA,clear sky
148,Nikolskoye,59.7035,30.7861,29.88,86,100,7.34,RU,overcast clouds
149,Constitucion,-35.3333,-72.4167,55.74,76,18,9.93,CL,few clouds
150,Ilulissat,69.2167,-51.1,23.02,86,75,6.91,GL,light snow
151,Tiksi,71.6872,128.8694,-4.92,98,100,7.85,RU,overcast clouds
152,Bathsheba,13.2167,-59.5167,77.61,73,40,17.27,BB,scattered clouds
153,Saint-Philippe,-21.3585,55.7679,76.59,78,65,11.81,RE,broken clouds
154,Sola,-13.8833,167.55,83.14,74,100,14.23,VU,overcast clouds
155,Jinan,36.6683,116.9972,66.67,25,0,3.36,CN,clear sky
156,Leningradskiy,69.3833,178.4167,-1.8,93,100,21.65,RU,overcast clouds
157,Mackay,-21.15,149.2,88.68,65,9,16.11,AU,clear sky
158,Ribeira Grande,38.5167,-28.7,62.11,89,100,29.26,PT,overcast clouds
159,Udachnyy,66.4167,112.4,16.45,72,100,20.65,RU,overcast clouds
160,Severo-Kurilsk,50.6789,156.125,35.51,94,100,12.5,RU,overcast clouds
161,Cleethorpes,53.5605,-0.0323,44.96,76,20,27.63,GB,few clouds
162,Codrington,-38.2667,141.9667,69.48,59,43,19.35,AU,scattered clouds
163,Sao Gabriel Da Cachoeira,-0.1303,-67.0892,73.65,98,100,0.65,BR,overcast clouds
164,Manokwari,-0.8667,134.0833,83.26,71,99,4.0,ID,overcast clouds
165,Sao Jose Do Belmonte,-7.8614,-38.7597,72.37,61,95,6.49,BR,overcast clouds
166,Port Hedland,-20.3167,118.5667,96.85,24,7,12.66,AU,clear sky
167,Alyangula,-13.8483,136.4192,87.67,70,40,8.05,AU,scattered clouds
168,Kruisfontein,-34.0033,24.7314,53.89,68,68,16.71,ZA,broken clouds
169,Tasiilaq,65.6145,-37.6368,28.56,93,96,5.28,GL,overcast clouds
170,Zabol,32.25,67.25,67.42,18,9,2.19,AF,clear sky
171,Kapaa,22.0752,-159.319,80.58,75,20,17.27,US,light rain
172,Victoria,22.2855,114.1577,79.97,65,35,8.01,HK,scattered clouds
173,Katsuura,35.1333,140.3,58.84,75,100,11.45,JP,overcast clouds
174,Imeni Babushkina,59.7573,43.1285,22.3,89,85,8.97,RU,overcast clouds
175,Sernur,56.9333,49.1536,20.98,96,14,7.83,RU,few clouds
176,Port-Gentil,-0.7193,8.7815,80.35,84,100,12.88,GA,overcast clouds
177,Los Llanos De Aridane,28.6585,-17.9182,58.75,74,100,11.5,ES,overcast clouds
178,Acapulco,16.8634,-99.8901,75.85,79,84,6.4,MX,broken clouds
179,Salta,-24.7859,-65.4117,62.58,85,0,3.44,AR,clear sky
180,Egvekinot,66.3167,-179.1667,-7.47,89,94,2.53,RU,overcast clouds
181,Totness,5.8833,-56.3167,76.06,89,49,9.08,SR,light rain
182,Tabuk,17.4189,121.4443,78.94,78,97,7.49,PH,overcast clouds
183,Kantilo,20.35,85.1833,88.92,44,20,2.55,IN,few clouds
184,Guelph,43.5501,-80.2497,50.68,93,100,10.36,CA,mist
185,Byron Bay,-28.65,153.6167,76.89,78,40,11.34,AU,scattered clouds
186,Cururupu,-1.8283,-44.8683,73.98,98,89,2.28,BR,heavy intensity rain
187,Poum,-20.2333,164.0167,81.21,82,100,23.33,NC,overcast clouds
188,Hofn,64.2539,-15.2082,29.08,61,0,21.52,IS,clear sky
189,Madison Heights,42.4859,-83.1052,45.01,89,0,4.61,US,clear sky
190,Monrovia,6.3005,-10.7969,74.97,89,100,7.56,LR,light rain
191,Harindanga,22.0383,88.3214,86.23,60,6,13.51,IN,clear sky
192,Puerto Ayora,-0.7393,-90.3518,77.63,88,82,6.6,EC,light rain
193,Avera,33.194,-82.5271,64.45,93,97,12.35,US,heavy intensity rain
194,Morehead,37.2711,-87.1764,48.99,96,0,1.01,US,clear sky
195,Kalat,29.0225,66.5916,62.69,34,0,5.57,PK,clear sky
196,Abu Kamal,34.4506,40.9171,66.52,36,0,21.32,SY,clear sky
197,Kudahuvadhoo,2.6708,72.8944,83.05,69,12,3.06,MV,few clouds
198,Hami,42.8,93.45,72.07,11,2,4.41,CN,clear sky
199,Marzuq,14.4,46.4667,64.35,20,0,3.11,YE,clear sky
200,Ulaangom,49.9811,92.0667,29.98,96,100,2.53,MN,overcast clouds
201,Manggar,-2.8833,108.2667,86.22,62,93,2.86,ID,overcast clouds
202,Matamoros,25.5333,-103.25,75.74,13,0,4.63,MX,clear sky
203,Padang,-0.9492,100.3543,77.05,79,100,0.54,ID,overcast clouds
204,Chuy,-33.6971,-53.4616,59.27,85,0,6.93,UY,clear sky
205,Sitka,57.0531,-135.33,42.69,61,75,24.16,US,broken clouds
206,Nemuro,43.3236,145.575,36.36,71,63,11.45,JP,broken clouds
207,Tautira,-17.7333,-149.15,82.27,75,79,20.8,PF,broken clouds
208,Huarmey,-10.0681,-78.1522,69.84,85,76,8.08,PE,broken clouds
209,San Pedro,14.35,121.0167,87.35,64,75,9.22,PH,broken clouds
210,Paraiso,9.8383,-83.8656,68.88,97,100,2.86,CR,overcast clouds
211,Sorland,67.667,12.6934,36.63,63,100,14.76,NO,overcast clouds
212,Turukhansk,65.8167,87.9833,22.51,91,100,11.16,RU,light snow
213,Kargasok,59.0556,80.8572,31.53,75,100,17.05,RU,overcast clouds
214,Lata,40.1629,-8.3327,54.81,79,100,3.13,PT,overcast clouds
215,Oum Hadjer,13.2954,19.6966,86.43,13,61,8.3,TD,broken clouds
216,Tuktoyaktuk,69.4541,-133.0374,12.2,79,20,8.05,CA,few clouds
217,Rio Gallegos,-51.6226,-69.2181,33.85,75,0,6.91,AR,clear sky
218,Erzin,36.9559,36.2,57.56,90,32,1.72,TR,scattered clouds
219,Pangoa,-12.1167,-73.0,70.74,93,77,2.15,PE,broken clouds
220,Montoro,38.0241,-4.3834,46.98,89,0,0.78,ES,clear sky
221,Benjamin Aceval,-24.9667,-57.5667,78.94,96,66,3.53,PY,broken clouds
222,Kafue,-15.7691,28.1814,67.03,94,100,2.39,ZM,light rain
223,Broken Hill,-31.95,141.4333,71.31,43,0,16.11,AU,clear sky
224,Road Town,18.4167,-64.6167,78.84,69,20,8.05,VG,few clouds
225,Chenghai,23.4632,116.768,73.31,68,0,2.24,CN,clear sky
226,Nova Olinda Do Norte,-3.8881,-59.0942,73.99,98,74,2.06,BR,broken clouds
227,Alta Floresta,-9.8756,-56.0861,71.44,96,58,2.1,BR,broken clouds
228,Trinidad,-14.8333,-64.9,75.27,91,53,2.53,BO,broken clouds
229,Ponta Do Sol,32.6667,-17.1,61.43,74,42,2.53,PT,scattered clouds
230,San Carlos De Bariloche,-41.1456,-71.3082,51.55,87,75,4.61,AR,broken clouds
231,Geraldton,-28.7667,114.6,88.21,29,72,19.57,AU,broken clouds
232,Beyneu,45.3167,55.2,53.46,60,31,5.37,KZ,scattered clouds
233,Inirida,3.8653,-67.9239,74.3,97,86,1.34,CO,overcast clouds
234,Conceicao Do Araguaia,-8.2578,-49.2647,74.32,94,97,3.71,BR,overcast clouds
235,Coromandel,-18.4733,-47.2003,70.3,72,78,3.65,BR,broken clouds
236,Esperance,-33.8667,121.9,73.24,56,3,9.01,AU,clear sky
237,Aljezur,37.3191,-8.8033,50.5,93,11,7.05,PT,few clouds
238,Slave Lake,55.2834,-114.769,35.58,75,0,4.61,CA,clear sky
239,Kieta,-6.2167,155.6333,77.79,91,100,8.97,PG,moderate rain
240,Rehoboth,-23.3167,17.0833,59.49,32,68,3.78,NA,broken clouds
241,Nizwa,22.9333,57.5333,81.3,24,0,1.77,OM,clear sky
242,Krasnokamensk,50.0979,118.0369,39.06,31,93,9.98,RU,overcast clouds
243,Langres,47.8333,5.3333,45.19,89,100,18.34,FR,overcast clouds
244,Kibala,9.1104,18.3463,81.05,55,57,6.87,TD,broken clouds
245,Nanortalik,60.1432,-45.2371,28.89,89,83,6.58,GL,broken clouds
246,Robertsport,6.7533,-11.3686,76.15,88,100,2.77,LR,overcast clouds
247,Rosita,13.9268,-84.4032,74.75,92,87,2.33,NI,overcast clouds
248,Mahibadhoo,3.7833,72.9667,83.12,67,8,3.94,MV,clear sky
249,Matara,5.9485,80.5353,79.9,74,76,5.14,LK,broken clouds
250,Cherskiy,68.75,161.3,-3.41,84,62,1.97,RU,broken clouds
251,Brae,60.3964,-1.353,38.53,62,100,15.59,GB,overcast clouds
252,Bambous Virieux,-20.3428,57.7575,75.45,78,40,3.44,MU,scattered clouds
253,Grand Forks,47.9417,-97.4337,33.73,93,100,29.93,US,snow
254,Sukhinichi,54.0999,35.3425,33.4,98,100,12.93,RU,light snow
255,Kalabo,-14.97,22.6814,65.05,93,65,4.36,ZM,broken clouds
256,Hamilton,39.1834,-84.5333,50.63,89,0,3.44,US,clear sky
257,Mangai,-4.05,19.5333,71.15,88,100,0.18,CD,overcast clouds
258,Richards Bay,-28.783,32.0377,71.76,82,83,17.74,ZA,light rain
259,Pevek,69.7008,170.3133,-4.27,90,100,8.19,RU,overcast clouds
260,Aswan,24.0934,32.907,79.9,12,0,9.22,EG,clear sky
261,Imbituba,-28.24,-48.6703,73.81,87,100,3.62,BR,overcast clouds
262,Gonen,40.1049,27.654,49.01,28,25,5.26,TR,scattered clouds
263,Xinpu,34.5997,119.1594,62.55,64,0,2.75,CN,clear sky
264,Alofi,-19.0595,-169.9187,84.09,74,99,10.36,NU,overcast clouds
265,Goma,-1.6792,29.2228,62.78,85,100,3.0,CD,overcast clouds
266,Yining,29.0361,114.5636,78.69,43,0,0.38,CN,clear sky
267,Hasaki,35.7333,140.8333,61.29,77,100,16.93,JP,overcast clouds
268,Tacoronte,28.4769,-16.4102,54.16,73,75,15.99,ES,broken clouds
269,Daru,-9.0763,143.2092,85.66,64,31,7.07,PG,scattered clouds
270,Sayhat,26.4852,50.0405,68.2,34,61,9.82,SA,broken clouds
271,Fayaoue,-20.65,166.5333,80.94,85,100,33.46,NC,overcast clouds
272,San Vicente,-26.6167,-54.1333,66.4,95,100,2.15,AR,light rain
273,Winnemucca,40.973,-117.7357,59.05,14,0,6.91,US,clear sky
274,Quatre Cocos,-20.2078,57.7625,75.31,71,96,11.03,MU,overcast clouds
275,Viransehir,37.2353,39.7631,57.02,56,1,9.82,TR,clear sky
276,Mount Gambier,-37.8333,140.7667,67.91,60,100,16.11,AU,overcast clouds
277,Kavieng,-2.5744,150.7967,82.51,76,100,7.52,PG,light rain
278,Flin Flon,54.7682,-101.865,29.71,89,100,7.72,CA,overcast clouds
279,Namibe,-15.1961,12.1522,71.1,76,0,5.73,AO,clear sky
280,Olinda,-8.0089,-34.8553,82.13,74,75,4.61,BR,broken clouds
281,Yar-Sale,66.8333,70.8333,10.51,87,99,19.93,RU,overcast clouds
282,Chimbote,-9.0853,-78.5783,68.04,87,97,5.61,PE,overcast clouds
283,Zabalj,45.3722,20.0639,49.23,84,100,13.09,RS,overcast clouds
284,Pacific Grove,36.6177,-121.9166,75.15,60,0,0.0,US,clear sky
285,Susanville,40.4163,-120.653,52.92,38,8,4.12,US,clear sky
286,Sergeyevka,53.88,67.4158,32.63,85,47,10.56,KZ,scattered clouds
287,San Cristobal,7.7669,-72.225,73.58,96,32,2.59,VE,scattered clouds
288,Cabo San Lucas,22.8909,-109.9124,70.61,70,2,9.62,MX,clear sky
289,Karratha,-20.7377,116.8463,94.69,35,11,13.31,AU,few clouds
290,Tessalit,20.1986,1.0114,80.37,17,3,13.78,ML,clear sky
291,Berdigestyakh,62.0989,126.6992,15.3,83,96,3.33,RU,overcast clouds
292,Koregaon,18.65,74.0833,84.27,39,9,3.87,IN,clear sky
293,Namatanai,-3.6667,152.4333,80.02,79,100,9.46,PG,overcast clouds
294,Upernavik,72.7868,-56.1549,-8.84,100,96,6.69,GL,overcast clouds
295,Phonhong,18.5007,102.4166,86.86,49,45,0.85,LA,scattered clouds
296,Provideniya,64.3833,-173.3,0.36,71,0,18.01,RU,clear sky
297,Miranda,3.2499,-76.2281,69.93,88,29,5.37,CO,scattered clouds
298,Naantali,60.4674,22.0243,32.11,93,75,3.44,FI,fog
299,Bandarbeyla,9.4942,50.8122,77.83,75,13,5.06,SO,few clouds
300,Naze,28.3667,129.4833,67.12,55,71,7.23,JP,broken clouds
301,Lasa,46.6166,10.7002,45.48,95,78,3.87,IT,broken clouds
302,Tezu,27.9167,96.1667,80.4,58,83,2.8,IN,broken clouds
303,Guerrero Negro,27.9769,-114.0611,62.73,79,0,10.96,MX,clear sky
304,Rio De Janeiro,-22.9028,-43.2075,77.0,71,75,4.61,BR,broken clouds
305,Puerto Colombia,10.9878,-74.9547,80.69,87,53,24.4,CO,broken clouds
306,Wilmington,34.2257,-77.9447,70.99,89,20,4.61,US,few clouds
307,Lavumisa,-27.31,31.892,71.31,73,55,10.04,SZ,broken clouds
308,Pilibanga,29.4916,74.079,90.54,7,0,4.5,IN,clear sky
309,Buraydah,26.326,43.975,72.05,12,7,7.96,SA,clear sky
310,Carutapera,-1.195,-46.02,75.61,94,99,4.41,BR,overcast clouds
311,Beloha,-25.1667,45.05,70.54,93,6,3.89,MG,clear sky
312,Kununurra,-15.7667,128.7333,93.18,52,11,5.75,AU,few clouds
313,Jiayuguan,39.8167,98.3,65.66,7,0,4.09,CN,clear sky
314,Isiro,2.7739,27.616,63.79,99,100,3.33,CD,overcast clouds
315,Jucuapa,13.5167,-88.3833,74.8,79,88,1.81,SV,overcast clouds
316,Alamosa,37.4695,-105.87,37.38,18,0,18.41,US,clear sky
317,Bonfim,3.0833,-59.95,77.29,76,51,4.7,BR,broken clouds
318,Takoradi,4.8845,-1.7554,80.29,86,95,6.29,GH,overcast clouds
319,Te Anau,-45.4167,167.7167,53.85,53,17,2.01,NZ,few clouds
320,Yerofey Pavlovich,53.9667,121.9667,30.61,33,51,7.31,RU,broken clouds
321,Noumea,-22.2763,166.4572,81.0,99,100,10.89,NC,moderate rain
322,Strezhevoy,60.7333,77.5889,26.82,79,91,17.11,RU,overcast clouds
323,Petropavlovsk-Kamchatskiy,53.0452,158.6483,32.59,93,100,4.47,RU,light intensity shower rain
324,Suleja,9.1758,7.1808,81.59,56,100,6.06,NG,overcast clouds
325,Coihaique,-45.5752,-72.0662,40.95,93,100,5.75,CL,light rain
326,Zabid,14.1951,43.3152,78.19,60,0,3.87,YE,clear sky
327,Flinders,-34.5833,150.8552,67.37,89,100,5.99,AU,light rain
328,Yerbogachen,61.2767,108.0108,33.46,100,100,7.05,RU,overcast clouds
329,Vardo,70.3705,31.1107,32.76,81,100,21.07,NO,overcast clouds
330,Hambantota,6.1241,81.1185,79.14,94,20,4.61,LK,few clouds
331,Lompoc,34.6391,-120.4579,78.94,41,0,0.0,US,clear sky
332,Port Hardy,50.6996,-127.4199,42.98,81,100,21.85,CA,overcast clouds
333,Gillette,44.2911,-105.5022,35.02,60,75,18.99,US,broken clouds
334,Ust-Omchug,61.15,149.6333,19.02,76,100,6.26,RU,overcast clouds
335,Pahalgam,34.0333,75.3333,50.59,45,0,4.56,IN,clear sky
336,Boa Vista,2.8197,-60.6733,84.18,58,0,6.91,BR,clear sky
337,Chokurdakh,70.6333,147.9167,0.45,81,2,4.63,RU,clear sky
338,Lodwar,3.1191,35.5973,86.41,36,67,9.31,KE,broken clouds
339,Varanasi,25.3333,83.0,80.69,36,89,2.3,IN,haze
340,Lgov,51.6307,35.2775,41.79,89,99,7.67,RU,overcast clouds
341,Aurillac,44.9167,2.45,43.68,94,100,10.36,FR,light intensity drizzle
342,Segou,13.4317,-6.2157,86.76,12,80,6.82,ML,broken clouds
343,Muroto,33.2833,134.15,62.47,59,98,8.03,JP,overcast clouds
344,Menongue,-14.6585,17.691,60.89,88,14,2.42,AO,few clouds
345,Yatou,37.15,122.3833,57.96,42,0,6.02,CN,clear sky
346,Tapa,59.2606,25.9586,28.65,95,100,8.9,EE,light snow
347,Monaco-Ville,43.731,7.4248,51.64,79,0,6.91,FR,clear sky
348,Oistins,13.0667,-59.5333,77.09,73,40,17.27,BB,scattered clouds
349,Cockburn Town,21.4612,-71.1419,78.39,78,1,20.98,TC,clear sky
350,Saravan,39.7196,45.6483,39.51,97,100,4.05,AM,overcast clouds
351,Vagamo,61.8751,9.0967,9.19,90,87,1.81,NO,overcast clouds
352,Altos,-5.0381,-42.46,73.71,94,95,3.13,BR,overcast clouds
353,Soyo,-6.1349,12.3689,77.41,87,100,8.52,AO,overcast clouds
354,Yulara,-25.2406,130.9889,80.44,29,0,14.97,AU,clear sky
355,Rochegda,62.8,43.25,15.51,98,100,0.83,RU,overcast clouds
356,Opuwo,-18.0607,13.84,64.78,46,1,2.95,NA,clear sky
357,Baykit,61.67,96.37,33.93,89,100,11.81,RU,light snow
358,Norman Wells,65.282,-126.8329,32.04,51,20,9.22,CA,few clouds
359,High Level,58.5169,-117.136,46.51,31,20,4.61,CA,few clouds
360,Mikhaylovskoye,51.8239,79.7172,42.94,67,33,6.96,RU,scattered clouds
361,Bachaquero,9.9694,-71.1494,80.78,80,45,5.46,VE,scattered clouds
362,Corinto,37.9407,22.9573,59.41,77,100,4.47,GR,overcast clouds
363,Changde,29.0464,111.6783,76.35,51,0,4.41,CN,clear sky
364,Puerto Leguizamo,-0.1934,-74.7819,73.4,93,97,1.54,CO,overcast clouds
365,Katangli,51.7102,143.2326,32.04,66,16,16.42,RU,few clouds
366,Northam,51.0333,-4.2167,47.61,81,100,25.46,GB,overcast clouds
367,Luderitz,-26.6481,15.1594,61.14,65,100,18.3,NA,overcast clouds
368,Ketchikan,55.3422,-131.6461,40.98,96,100,13.27,US,moderate rain
369,Helmsdale,58.1168,-3.6517,36.95,97,100,34.49,GB,light rain
370,Ust-Ilimsk,58.0006,102.6619,38.52,99,100,12.48,RU,overcast clouds
371,Akyab,20.15,92.9,84.18,63,16,1.3,MM,few clouds
372,Siilinjarvi,63.0833,27.6667,26.62,93,100,8.05,FI,light snow
373,Torit,4.4133,32.5678,78.93,51,81,2.86,SS,broken clouds
374,Mwene-Ditu,-7.0,23.45,64.45,93,100,3.83,CD,overcast clouds
375,Guanica,17.9716,-66.908,77.05,83,6,7.49,PR,clear sky
376,Uvalde,29.3669,-99.767,71.13,16,0,8.05,US,clear sky
377,Coquimbo,-29.9533,-71.3436,56.93,94,100,3.44,CL,overcast clouds
378,Jambi,-1.6,103.6167,72.52,97,100,2.33,ID,light rain
379,Canmore,51.0834,-115.3521,39.31,87,15,3.44,CA,few clouds
380,Paamiut,61.994,-49.6678,29.84,92,95,9.84,GL,overcast clouds
381,Pangody,65.85,74.4859,12.94,93,100,16.46,RU,light snow
382,Sioux Lookout,50.1001,-91.917,32.07,93,100,9.22,CA,mist
383,Vestmannaeyjar,63.4427,-20.2734,29.86,56,1,6.67,IS,clear sky
384,Baruun-Urt,46.6806,113.2792,56.5,26,63,14.72,MN,broken clouds
385,Minas De Barroteran,27.6333,-101.2833,69.28,19,0,8.19,MX,clear sky
386,Smolenskoye,52.3044,85.0781,44.15,93,99,1.21,RU,overcast clouds
387,Sonegaon,20.65,78.6833,93.33,21,35,6.93,IN,scattered clouds
388,Fort-Shevchenko,44.5086,50.263,47.64,77,7,14.99,KZ,clear sky
389,Manjacaze,-24.7117,33.8828,70.16,88,0,6.42,MZ,clear sky
390,Sechelt,49.4664,-123.7694,51.82,66,100,3.11,CA,overcast clouds
391,Chunoyar,57.4467,97.3217,39.07,88,100,12.82,RU,overcast clouds
392,Buala,-8.145,159.5921,84.02,73,100,13.85,SB,light rain
393,Dabat,12.9842,37.765,57.96,32,0,9.06,ET,clear sky
394,East London,-33.0153,27.9116,60.33,64,7,19.95,ZA,clear sky
395,Mogadishu,2.0371,45.3438,80.4,75,35,12.84,SO,scattered clouds
396,Methoni,36.8197,21.7049,62.22,74,98,13.24,GR,overcast clouds
397,Estelle,29.8458,-90.1067,78.8,81,0,5.75,US,clear sky
398,Portland,45.5234,-122.6762,58.41,48,45,11.01,US,scattered clouds
399,Seredka,58.1584,28.1858,31.75,97,100,10.13,RU,light snow
400,Rach Gia,10.0167,105.0833,85.89,62,96,7.4,VN,overcast clouds
401,Excelsior Springs,39.3392,-94.2261,46.71,58,0,6.91,US,clear sky
402,Aljustrel,37.8776,-8.1652,48.07,98,6,5.37,PT,clear sky
403,Pleshanovo,52.8333,53.4833,35.73,95,86,8.63,RU,overcast clouds
404,Port Augusta,-32.5,137.7667,74.21,38,0,13.94,AU,clear sky
405,Abu Zabad,12.35,29.25,80.02,14,0,6.11,SD,clear sky
406,Tura,25.5198,90.2201,78.96,68,60,3.18,IN,broken clouds
407,Santa Rosa,14.3122,121.1114,88.11,63,100,13.22,PH,overcast clouds
408,Airai,-8.9266,125.4092,76.42,48,57,2.64,TL,broken clouds
409,Oromocto,45.8351,-66.4792,35.74,34,0,5.75,CA,clear sky
410,Palembang,-2.9167,104.7458,77.09,94,75,5.75,ID,broken clouds
411,Boende,-0.2167,20.8667,70.54,90,99,2.26,CD,overcast clouds
412,Mattru,7.6244,-11.8332,76.39,89,100,4.65,SL,overcast clouds
413,Omboue,-1.5746,9.2618,77.11,93,100,6.87,GA,overcast clouds
414,Mayo,38.8876,-76.5119,55.81,92,100,17.0,US,overcast clouds
415,Kahului,20.8947,-156.47,80.62,61,75,20.71,US,broken clouds
416,Taltal,-25.4,-70.4833,72.23,49,0,4.34,CL,clear sky
417,Kilindoni,-7.9139,39.6668,82.06,70,7,4.07,TZ,clear sky
418,Vaxjo,56.8777,14.8091,41.05,100,100,9.22,SE,drizzle
419,Aberdeen,57.1437,-2.0981,38.53,100,40,5.75,GB,scattered clouds
420,Adamovka,51.5223,59.9396,35.49,88,100,12.82,RU,overcast clouds
421,Bairnsdale,-37.8333,147.6167,65.05,52,54,1.01,AU,broken clouds
422,Kiruna,67.8557,20.2251,23.92,93,100,9.22,SE,light snow
423,Andenes,69.3143,16.1194,33.78,69,40,20.71,NO,scattered clouds
424,Mercedes,-34.6515,-59.4307,64.04,81,0,7.18,AR,clear sky
425,Koulikoro,14.0,-7.75,80.92,17,17,8.57,ML,few clouds
426,Souillac,-20.5167,57.5167,75.58,78,40,3.44,MU,scattered clouds
427,Chara,56.9064,118.2631,11.07,70,100,1.68,RU,overcast clouds
428,Birin,26.8865,88.0718,65.66,70,7,5.26,NP,clear sky
429,Chandigarh,30.7343,76.7933,86.41,12,0,1.39,IN,clear sky
430,Itaituba,-4.2761,-55.9836,72.64,99,64,1.95,BR,broken clouds
431,Batagay,67.6333,134.6333,9.99,79,100,0.56,RU,overcast clouds
432,Tokur,53.1333,132.9,15.19,82,100,7.85,RU,light snow
433,Arman,59.7,150.1667,32.11,72,100,17.54,RU,light snow
434,Saint-Francois,46.4154,3.9054,51.42,72,100,6.91,FR,overcast clouds
435,Sindor,62.8629,51.8905,28.42,96,100,7.16,RU,overcast clouds
436,Inta,66.0317,60.1659,5.76,94,100,4.43,RU,overcast clouds
437,Yakeshi,49.2833,120.7333,28.18,47,9,11.5,CN,clear sky
438,Lumphat,13.4878,106.9816,85.86,47,33,5.59,KH,scattered clouds
439,Pampa,35.5362,-100.9599,53.56,22,75,18.41,US,broken clouds
440,Yarmouth,41.7057,-70.2286,44.71,92,0,15.99,US,clear sky
441,Hualmay,-11.0964,-77.6139,69.22,86,46,8.19,PE,scattered clouds
442,Barcelona,41.3888,2.159,53.46,70,0,7.0,ES,clear sky
443,Deputatskiy,69.3,139.9,-7.08,97,100,5.44,RU,overcast clouds
444,Batemans Bay,-35.7167,150.1833,63.1,91,100,7.31,AU,moderate rain
445,Asyut,27.181,31.1837,71.78,17,10,4.41,EG,clear sky
446,Poya,-21.35,165.15,81.7,84,100,15.82,NC,moderate rain
447,Auki,-8.7676,160.7034,86.4,65,95,10.51,SB,overcast clouds
448,Klyuchi,52.2667,79.1667,41.04,69,12,5.84,RU,few clouds
449,Nouadhibou,20.931,-17.0347,62.58,59,0,26.46,MR,sand
450,Ambilobe,-13.2,49.05,72.75,95,83,2.77,MG,broken clouds
451,Rio Grande,-32.035,-52.0986,64.13,83,0,10.65,BR,clear sky
452,Maymyo,22.0333,96.4667,84.78,31,4,4.32,MM,clear sky
453,Saldanha,-33.0117,17.9442,59.02,65,91,16.98,ZA,overcast clouds
454,Tupik,54.4253,119.9327,25.72,53,97,2.53,RU,overcast clouds
455,Deqing,30.5448,119.9599,81.95,38,1,1.77,CN,clear sky
456,Alice Springs,-23.7,133.8833,80.15,26,0,12.66,AU,clear sky
457,Honiara,-9.4333,159.95,84.25,73,100,10.54,SB,overcast clouds
458,La Ronge,55.1001,-105.2842,39.42,52,75,4.61,CA,broken clouds
459,Lisakovsk,52.5369,62.4936,34.16,75,100,12.35,KZ,overcast clouds
460,Roald,62.5833,6.1333,32.76,64,10,10.36,NO,clear sky
461,Fonte Boa,-2.4959,-66.2662,73.54,96,94,3.22,BR,overcast clouds
462,Heze,35.2431,115.4411,65.7,27,0,3.38,CN,clear sky
463,Salinas,36.6777,-121.6555,77.81,68,0,3.13,US,clear sky
464,Shingu,33.7333,135.9833,67.53,48,100,8.81,JP,overcast clouds
465,Bintulu,3.1667,113.0333,82.81,83,40,3.44,MY,scattered clouds
466,Ahipara,-35.1667,173.1667,68.43,55,17,14.07,NZ,few clouds
467,Fairbanks,64.8378,-147.7164,40.82,41,0,4.61,US,clear sky
468,Saint Anthony,45.0205,-93.218,36.93,89,100,5.01,US,overcast clouds
469,Filingue,14.3521,3.3168,85.06,6,81,4.81,NE,broken clouds
470,Manfredonia,41.6259,15.9094,51.1,90,95,5.12,IT,overcast clouds
471,Amurzet,47.6967,131.0981,37.26,27,94,14.56,RU,overcast clouds
472,Umm Bab,25.2142,50.8072,76.1,39,1,11.48,QA,clear sky
473,Saint-Pierre,-21.3393,55.4781,76.68,80,20,17.27,RE,few clouds
474,Goderich,43.7501,-81.7165,40.91,96,100,3.18,CA,overcast clouds
475,Makakilo City,21.3469,-158.0858,76.75,67,100,14.97,US,overcast clouds
476,Creel,27.75,-107.6333,52.66,43,77,4.36,MX,broken clouds
477,Acarau,-2.8856,-40.12,77.2,86,93,7.27,BR,overcast clouds
478,Tazovskiy,67.4667,78.7,8.91,97,66,6.76,RU,broken clouds
479,Gazli,40.1333,63.45,68.86,36,81,8.52,UZ,broken clouds
480,Port Hawkesbury,45.6169,-61.3485,31.59,81,0,3.44,CA,clear sky
481,Ostrovnoy,68.0531,39.5131,27.25,93,100,12.86,RU,overcast clouds
482,Ciudad Bolivar,8.1222,-63.5497,83.03,37,5,13.31,VE,clear sky
483,Laguna,38.421,-121.4238,80.74,31,0,0.92,US,clear sky
484,Santa Marta,11.2408,-74.199,84.88,68,75,7.0,CO,broken clouds
485,Kismayo,-0.3582,42.5454,79.75,78,8,10.74,SO,clear sky
486,Marihatag,8.7936,126.2969,84.81,65,74,2.98,PH,light rain
487,Vermilion,40.1667,-87.7506,50.52,63,100,9.22,US,overcast clouds
488,Scarborough,54.2797,-0.4044,41.94,87,92,13.0,GB,moderate rain
489,Matay,28.419,30.7792,73.78,25,20,4.88,EG,few clouds
490,Neryungri,56.6709,124.6491,16.43,73,99,7.76,RU,overcast clouds
491,Knysna,-34.0363,23.0471,55.02,83,80,9.17,ZA,light rain
492,Chicama,-7.8447,-79.1469,64.94,77,53,6.58,PE,broken clouds
493,Beaverlodge,55.2166,-119.4361,38.55,45,100,5.35,CA,overcast clouds
494,San Martin,-33.081,-68.4681,68.54,50,0,7.4,AR,clear sky
495,Say,13.1007,2.3689,88.36,27,77,6.33,NE,broken clouds
496,The Valley,18.217,-63.0578,78.66,78,20,13.8,AI,few clouds
497,Espanola,35.9911,-106.0806,53.24,12,0,3.0,US,clear sky
498,San Ramon,37.7799,-121.978,75.42,38,0,9.22,US,clear sky
499,Mathbaria,22.2876,89.9593,88.7,50,16,7.58,BD,few clouds
500,Terra Santa,-2.1042,-56.4869,74.52,97,100,2.33,BR,overcast clouds
501,Rock Sound,24.9,-76.2,78.28,78,2,11.52,BS,clear sky
502,Zeven,53.3,9.2833,49.71,84,100,22.32,DE,overcast clouds
503,Finschhafen,-6.6024,147.8681,84.42,72,97,3.09,PG,overcast clouds
504,Necochea,-38.5473,-58.7368,61.12,75,38,3.74,AR,scattered clouds
505,Sandakan,5.8402,118.1179,85.68,74,40,3.44,MY,scattered clouds
506,Oranjemund,-28.55,16.4333,57.79,84,100,18.57,NA,overcast clouds
507,Karasjok,69.4719,25.5112,22.19,94,100,12.68,NO,overcast clouds
508,Bonavista,48.6499,-53.1147,31.82,98,100,19.08,CA,overcast clouds
509,Navalcarnero,40.2891,-4.012,50.25,80,32,7.31,ES,scattered clouds
510,Fergus Falls,46.283,-96.0776,33.78,95,100,29.93,US,light intensity drizzle
511,Goundi,9.3627,17.366,83.95,47,72,8.3,TD,broken clouds
512,Tromso,69.6496,18.957,32.02,64,100,11.5,NO,overcast clouds
513,Kamennogorsk,60.9545,29.1339,21.29,93,100,4.94,RU,overcast clouds
514,Husavik,66.0449,-17.3389,24.39,82,99,7.14,IS,light snow
515,Mosna,46.0833,24.4,53.85,75,79,4.56,RO,light rain
516,Yamada,39.4667,141.95,44.11,60,71,7.0,JP,broken clouds
517,Nishihara,26.1842,127.7558,70.88,53,20,11.5,JP,few clouds
518,Clyde River,70.4692,-68.5914,-0.17,85,100,0.0,CA,overcast clouds
519,Rovaniemi,66.5,25.7167,20.61,86,0,8.05,FI,clear sky
520,Wittmund,53.5667,7.7833,48.25,89,100,24.81,DE,overcast clouds
521,San Francisco,37.7749,-122.4194,75.04,57,3,8.01,US,clear sky
522,Jumla,29.2747,82.1838,64.49,21,0,2.93,NP,clear sky
523,Champerico,14.3,-91.9167,82.92,72,37,10.11,GT,scattered clouds
524,Makaha,21.4694,-158.2175,78.13,60,100,14.97,US,overcast clouds
525,Baherden,38.4362,57.4316,69.67,36,100,1.12,TM,overcast clouds
526,Wenzhou,27.9994,120.6668,74.43,45,98,1.97,CN,overcast clouds
527,Korbach,51.2756,8.873,45.59,89,100,15.93,DE,overcast clouds
528,Kuvandyk,51.4781,57.3552,36.05,100,100,5.03,RU,overcast clouds
529,Pedernales,18.0384,-71.744,78.26,72,9,6.42,DO,clear sky
530,Honningsvag,70.9821,25.9704,33.55,80,40,21.85,NO,scattered clouds
531,Beihai,21.4833,109.1,77.4,56,12,8.28,CN,few clouds
532,Boddam,57.4667,-1.7833,38.43,93,100,13.24,GB,overcast clouds
533,Rjukan,59.8789,8.5941,23.45,76,100,3.76,NO,light snow
534,Mareeba,-17.0,145.4333,85.48,65,43,4.41,AU,scattered clouds
535,Cayenne,4.9333,-52.3333,80.1,1,75,10.36,GF,broken clouds
536,Gaoual,11.75,-13.2,80.85,53,86,5.03,GN,overcast clouds
537,Ler,8.3018,30.1418,83.91,44,36,4.18,SS,scattered clouds
538,Kyzyl-Suu,42.3414,78.0056,54.61,31,24,0.49,KG,few clouds
539,Ranot,7.7777,100.3213,84.63,68,98,10.42,TH,overcast clouds
540,Chengde,40.9725,117.9361,58.28,25,35,3.06,CN,scattered clouds
541,Palmer,42.1584,-72.3287,47.25,92,97,4.27,US,overcast clouds
542,West Bay,19.3667,-81.4167,81.07,78,20,9.22,KY,few clouds
543,Fernie,49.5,-115.0687,44.69,91,81,2.51,CA,broken clouds
544,Khandyga,62.6667,135.6,25.9,77,100,2.91,RU,overcast clouds
545,Salina,38.8403,-97.6114,44.94,37,98,15.39,US,overcast clouds
546,Darnah,32.767,22.6367,79.3,24,98,28.92,LY,overcast clouds
547,Caraballeda,10.6112,-66.8522,80.67,78,0,1.14,VE,clear sky
548,Beringovskiy,63.05,179.3167,4.78,68,18,3.98,RU,few clouds
549,Malartic,48.1335,-78.1328,41.11,81,100,12.62,CA,overcast clouds
550,Half Moon Bay,37.4636,-122.4286,73.18,53,0,17.27,US,clear sky
551,Ancud,-41.8697,-73.8203,56.23,98,100,7.43,CL,overcast clouds
552,Sinnamary,5.3833,-52.95,77.16,87,92,10.78,GF,overcast clouds
553,Pascagoula,30.3658,-88.5561,75.42,98,8,10.38,US,clear sky
554,Gurupa,-1.405,-51.64,72.81,99,100,2.71,BR,overcast clouds
555,Svecha,58.2785,47.5164,22.48,94,19,8.39,RU,few clouds
556,San Quintin,30.4833,-115.95,65.12,72,0,5.91,MX,clear sky
557,Santona,43.4439,-3.4576,49.93,81,81,7.65,ES,broken clouds
558,Muros,42.7762,-9.0603,57.09,78,96,15.88,ES,overcast clouds
559,Illescas,40.1221,-3.847,51.21,79,22,7.83,ES,few clouds
560,Baghdad,33.3406,44.4009,73.31,21,1,9.22,IQ,dust
561,Mombaca,-5.7431,-39.6275,71.98,87,91,1.95,BR,overcast clouds
562,Manaure,11.7751,-72.4445,79.25,75,64,16.26,CO,broken clouds
563,Hirara,24.8,125.2833,75.06,64,40,16.11,JP,scattered clouds
564,Kavaratti,10.5669,72.642,83.03,71,32,7.43,IN,scattered clouds
565,Yei,4.095,30.6779,66.58,92,90,1.16,SS,light rain
566,Kamariotissa,40.4833,25.4667,54.77,66,68,4.72,GR,broken clouds
567,Kirillov,59.863,38.3813,17.01,96,39,4.92,RU,scattered clouds
568,Sinop,41.7711,34.8709,41.52,88,8,10.42,TR,clear sky
569,Torbat-E Jam,35.244,60.6225,67.05,38,70,1.39,IR,broken clouds
570,Bana,5.1481,10.2762,62.53,86,50,2.62,CM,scattered clouds
571,Kota Belud,6.351,116.4305,80.82,83,100,6.69,MY,overcast clouds
572,Ribnitz-Damgarten,54.25,12.4667,50.11,83,100,21.05,DE,overcast clouds
573,Coahuayana,18.7333,-103.6833,68.9,90,100,1.72,MX,overcast clouds
574,Brewster,41.3973,-73.6171,48.65,94,100,6.91,US,mist
575,Artigas,-30.4,-56.4667,66.16,89,29,6.64,UY,light rain
576,Faya,18.3851,42.4509,57.72,14,0,4.38,SA,clear sky
577,Bac Lieu,9.285,105.7244,84.88,63,75,5.99,VN,broken clouds
578,Oshogbo,7.7667,4.5667,74.23,97,89,5.3,NG,overcast clouds
579,Surovikino,48.6078,42.8486,41.92,82,20,7.54,RU,few clouds
580,Gat,31.61,34.7642,61.48,100,63,6.13,IL,broken clouds
581,Lampa,-33.2833,-70.9,68.77,48,0,4.61,CL,clear sky
582,Vigeland,58.0844,7.305,35.06,83,100,17.25,NO,light snow
583,Kudat,6.8837,116.8477,80.53,78,40,7.0,MY,light rain
584,Presidencia Roque Saenz Pena,-26.7852,-60.4388,72.43,97,98,5.41,AR,overcast clouds
585,Toba,34.4833,136.85,68.09,54,97,7.0,JP,overcast clouds
586,Malakal,9.5334,31.6605,84.67,45,5,5.08,SS,clear sky
587,Palmaner,13.2,78.75,77.47,64,100,3.94,IN,overcast clouds
588,Hailar,49.2,119.7,34.93,27,13,12.03,CN,few clouds
589,Savannah Bight,16.45,-85.85,81.64,83,97,29.35,HN,overcast clouds
590,Asfi,32.2994,-9.2372,54.82,78,5,12.73,MA,clear sky
591,Tual,-5.6667,132.75,83.37,71,92,7.18,ID,overcast clouds
592,Matagami,49.7502,-77.6328,37.51,32,100,9.22,CA,overcast clouds
593,Calabozo,8.9242,-67.4293,86.18,46,100,2.89,VE,overcast clouds
594,Liwale,-9.7667,37.9333,71.02,97,97,3.0,TZ,overcast clouds
595,Mahon,39.8885,4.2658,50.56,87,0,8.05,ES,clear sky
596,Balakhta,55.38,91.6,35.22,80,70,12.33,RU,broken clouds
597,Ahuimanu,21.4447,-157.8378,77.94,86,21,1.99,US,moderate rain
598,Shu,43.5983,73.7614,67.66,43,100,3.36,KZ,overcast clouds
599,Pemangkat,1.1667,108.9667,83.14,71,100,4.16,ID,overcast clouds
600,Suntar,62.1444,117.6319,25.09,77,100,11.54,RU,overcast clouds
601,Villazon,-22.0866,-65.5942,49.1,80,13,6.13,BO,few clouds
602,Port-Cartier,50.0334,-66.8654,26.26,89,86,7.16,CA,overcast clouds
603,Tres Arroyos,-38.3739,-60.2798,59.95,67,41,6.4,AR,scattered clouds
604,Tocopilla,-22.092,-70.1979,66.24,80,40,1.81,CL,scattered clouds
605,Ukmerge,55.25,24.75,45.68,92,100,14.12,LT,overcast clouds
606,Torbay,47.6666,-52.7314,35.76,92,100,5.99,CA,overcast clouds
607,Kampong Cham,11.9934,105.4635,86.58,45,98,13.33,KH,overcast clouds
608,Buta,2.7858,24.73,70.0,99,100,2.15,CD,overcast clouds
609,Payo,-3.7508,103.6372,74.7,96,100,4.14,ID,overcast clouds
610,Kattivakkam,13.2167,80.3167,86.09,85,30,6.4,IN,scattered clouds
611,Tyup,42.7276,78.3648,59.58,41,44,0.2,KG,scattered clouds
612,Gold Coast,-28.0,153.4333,81.9,64,40,18.41,AU,scattered clouds
613,Lahad Datu,5.0268,118.327,85.77,64,100,1.28,MY,overcast clouds
614,Hay River,60.8156,-115.7999,30.4,97,93,4.18,CA,overcast clouds
615,Russell,32.3502,-85.1999,74.48,94,15,5.61,US,few clouds
616,Qandala,11.472,49.8728,79.14,51,0,7.63,SO,clear sky
617,Dzhebariki-Khaya,62.2167,135.8,27.66,80,100,2.71,RU,overcast clouds
618,Yazd,31.8972,54.3675,64.51,13,0,6.91,IR,clear sky
619,Owando,-0.4819,15.8999,70.18,82,99,1.72,CG,overcast clouds
620,Dwarka,22.2394,68.9678,81.48,67,69,13.18,IN,broken clouds
621,Troitskoye,52.9821,84.6757,41.14,82,40,4.52,RU,scattered clouds
622,Chitipa,-9.7024,33.2697,60.84,95,62,2.66,MW,light rain
623,West Wendover,40.7391,-114.0733,47.26,25,3,6.55,US,clear sky
624,Hoquiam,46.9809,-123.8893,56.93,61,100,6.29,US,overcast clouds
625,Praia Da Vitoria,38.7333,-27.0667,62.76,95,100,27.02,PT,overcast clouds
626,Whitehorse,60.7161,-135.0538,39.97,35,75,11.5,CA,broken clouds
627,Nantucket,41.2835,-70.0995,44.15,91,63,19.15,US,broken clouds
628,Guye,39.7333,118.4167,60.76,22,0,11.32,CN,clear sky
629,Kurumkan,54.3,110.3,32.65,98,100,2.48,RU,snow
630,Rayagada,19.1667,83.4167,88.65,46,100,3.11,IN,overcast clouds
631,Mokhsogollokh,61.4681,128.9203,18.14,77,100,3.53,RU,overcast clouds
632,Shenjiamen,29.9576,122.298,61.63,76,45,4.7,CN,scattered clouds
633,Luanda,-8.8368,13.2343,76.46,85,100,3.83,AO,overcast clouds
634,Okhotsk,59.3833,143.3,28.63,90,94,26.6,RU,overcast clouds
635,Uzyn,49.8262,30.4149,44.71,78,100,8.14,UA,overcast clouds
636,Vila,42.0304,-8.1588,41.88,82,100,5.48,PT,overcast clouds
637,Gualeguay,-33.1416,-59.3097,66.06,87,18,4.5,AR,few clouds
638,Calama,-22.4667,-68.9333,62.04,22,74,2.51,CL,broken clouds
639,La Sarre,48.8002,-79.1996,36.41,75,100,15.39,CA,overcast clouds
640,Bud,39.447,-86.1758,50.68,77,15,7.92,US,few clouds
641,Ashqelon,31.6693,34.5715,62.49,90,78,7.96,IL,broken clouds
642,Bonoua,5.2741,-3.595,76.6,93,99,3.29,CI,overcast clouds
643,Tottori,35.5,134.2333,62.87,48,76,5.06,JP,broken clouds
644,George,-33.963,22.4617,53.96,69,31,9.98,ZA,scattered clouds
645,Odweyne,9.4092,45.064,66.52,40,0,6.91,SO,clear sky
646,Rincon,32.296,-81.2354,69.85,88,100,12.66,US,overcast clouds
647,Vurnary,55.4904,46.9648,27.21,95,88,10.67,RU,overcast clouds
648,Socorro,31.6546,-106.3033,80.19,12,0,7.29,US,clear sky
649,Cotacachi,0.3,-78.2667,54.27,88,57,3.47,EC,broken clouds
650,Peniche,39.3558,-9.3811,56.28,82,93,10.92,PT,overcast clouds
651,Balkhash,46.844,74.9804,54.21,66,0,20.13,KZ,clear sky
652,Hede,33.7681,120.2517,65.57,63,0,5.84,CN,clear sky
653,Trelew,-43.249,-65.3051,56.46,75,89,16.64,AR,overcast clouds
654,Mithi,24.7318,69.7981,87.82,28,44,16.37,PK,scattered clouds
655,Broome,42.2506,-75.833,51.19,79,100,7.0,US,overcast clouds
656,Ugoofaaru,5.6667,73.0,83.41,67,13,3.78,MV,few clouds
657,Tyukhtet,56.5389,89.3011,34.12,85,100,12.57,RU,overcast clouds
658,Severobaykalsk,55.65,109.3167,25.93,94,100,2.57,RU,snow
659,Jutai,-5.1833,-68.9,73.29,92,65,2.17,BR,broken clouds
660,Eyl,7.9803,49.8164,76.66,78,5,8.86,SO,clear sky
661,Riyadh,24.6877,46.7219,75.92,12,16,8.81,SA,few clouds
662,Lagoa,39.05,-27.9833,60.75,86,100,23.94,PT,overcast clouds
663,Tupancireta,-29.0806,-53.8358,63.18,94,98,6.13,BR,overcast clouds
664,Minot,48.2325,-101.2963,32.81,70,9,22.86,US,clear sky
665,Lysyanka,49.2523,30.8295,45.14,75,95,11.9,UA,overcast clouds
666,Igarka,67.4667,86.5833,24.03,92,96,4.59,RU,overcast clouds
667,Manzhouli,49.6,117.4333,39.16,37,100,10.67,CN,overcast clouds
668,Cuamba,-14.8031,36.5372,67.35,99,100,2.84,MZ,overcast clouds
669,Reinosa,42.9996,-4.138,38.46,88,86,5.28,ES,overcast clouds
670,Gavle,60.6745,17.1417,28.04,79,100,0.94,SE,overcast clouds
671,Serravalle,43.969,12.4817,49.48,88,75,5.01,SM,broken clouds
672,Havelock,34.8791,-76.9013,68.97,95,38,1.99,US,scattered clouds
673,Ilo,-17.6394,-71.3375,67.75,81,62,4.81,PE,broken clouds
674,Waitati,-45.75,170.5667,56.8,50,25,6.02,NZ,scattered clouds
675,Sao Joao Do Piaui,-8.3581,-42.2467,75.69,64,70,0.89,BR,broken clouds
676,Kozhva,65.1073,57.0459,10.17,91,96,4.99,RU,overcast clouds
677,Eyrarbakki,63.863,-21.1481,22.21,64,4,13.82,IS,clear sky
678,Bontang,0.1333,117.5,80.28,81,100,13.24,ID,light rain
679,Kamaishi,39.2667,141.8833,44.02,63,53,7.0,JP,broken clouds
680,Emerald,-23.5333,148.1667,79.59,47,82,10.67,AU,broken clouds
681,Margate,51.3813,1.3862,50.88,79,100,11.99,GB,overcast clouds
682,Vysokogornyy,50.1167,139.15,25.05,70,100,16.42,RU,light snow
683,Hobyo,5.3505,48.5268,79.99,72,5,12.41,SO,clear sky
684,Namtsy,62.7161,129.6658,17.13,81,100,4.85,RU,overcast clouds
685,Ipinda,-9.4833,33.9,70.29,84,83,1.43,TZ,broken clouds
686,Ohara,35.25,140.3833,58.19,76,100,11.32,JP,overcast clouds
687,Caohai,26.8661,104.2841,55.53,30,14,2.51,CN,few clouds
688,Shihezi,44.3,86.0333,71.73,14,26,2.75,CN,scattered clouds
689,Ayagoz,47.9714,80.4392,48.9,83,100,13.56,KZ,overcast clouds
690,Jining,35.405,116.5814,67.6,46,0,0.4,CN,clear sky
691,Gijon,43.5357,-5.6615,54.86,95,80,7.36,ES,broken clouds
692,Itoman,26.1247,127.6694,73.4,53,20,11.5,JP,few clouds
693,Arona,28.0996,-16.681,55.13,61,40,12.66,ES,scattered clouds
694,Sur,22.5667,59.5289,84.9,39,0,8.14,OM,clear sky
695,Holmestrand,59.4876,10.3176,33.01,69,100,3.96,NO,overcast clouds
696,Ullapool,57.8987,-5.1604,37.35,92,100,22.53,GB,moderate rain
697,Dzaoudzi,-12.7887,45.2699,78.69,89,0,3.44,YT,clear sky
698,El Alto,-4.2714,-81.2147,71.55,76,21,17.4,PE,few clouds
699,Changji,44.0167,87.3167,72.39,18,0,8.95,CN,clear sky
700,Bereza,53.5183,50.1397,35.62,93,75,4.47,RU,mist
701,Genhe,50.7833,121.5167,30.6,38,23,10.18,CN,few clouds
702,Lima,-12.0432,-77.0282,72.9,74,40,11.5,PE,scattered clouds
703,Piranshahr,36.701,45.1413,52.3,50,98,3.87,IR,overcast clouds
704,Yashalta,46.3395,42.2762,41.95,82,3,4.12,RU,clear sky
705,Shar,49.5886,81.0453,44.58,93,99,7.96,KZ,overcast clouds
706,Amasya,40.6667,35.8333,40.68,87,21,2.24,TR,few clouds
